model,threshold_type,threshold,accuracy,precision,recall,f1,pr_auc,roc_auc,tp,fp,fn,tn
logreg_baseline,default 0.5,0.5,0.9992246058413027,0.8518518518518519,0.647887323943662,0.736,0.7239450035131304,0.9644018791718489,46,8,25,42480
logreg_baseline,tuned,0.0521,0.9992011090486148,0.7402597402597403,0.8028169014084507,0.7702702702702703,0.7239450035131304,0.9644018791718489,57,20,14,42468
logreg_class_weight,default 0.5,0.5,0.9744354895556756,0.05511811023622047,0.8873239436619719,0.10378912685337727,0.6809764721112809,0.9608718020796593,63,1080,8,41408
logreg_class_weight,tuned,1.0,0.9993185930120538,0.8088235294117647,0.7746478873239436,0.7913669064748201,0.6809764721112809,0.9608718020796593,55,13,16,42475
logreg_smote,default 0.5,0.5,0.9978852886580982,0.4306569343065693,0.8309859154929577,0.5673076923076923,0.7129178454000158,0.9639420973212652,59,78,12,42410
logreg_smote,tuned,0.946,0.9992715994266782,0.7857142857142857,0.7746478873239436,0.7801418439716312,0.7129178454000158,0.9639420973212652,55,15,16,42473
xgb_baseline,default 0.5,0.5,0.999530064146244,0.9473684210526315,0.7605633802816901,0.84375,0.8158962929395401,0.9686592535821217,54,3,17,42485
xgb_baseline,tuned,0.3262,0.999530064146244,0.9473684210526315,0.7605633802816901,0.84375,0.8158962929395401,0.9686592535821217,54,3,17,42485
xgb_class_weight,default 0.5,0.5,0.9994830705608685,0.9016393442622951,0.7746478873239436,0.8333333333333334,0.8075608907216084,0.9713934141470931,55,6,16,42482
xgb_class_weight,tuned,0.6937,0.9994830705608685,0.9152542372881356,0.7605633802816901,0.8307692307692308,0.8075608907216084,0.9713934141470931,54,5,17,42483
xgb_smote,default 0.5,0.5,0.9993890833901172,0.8461538461538461,0.7746478873239436,0.8088235294117647,0.7971145065620847,0.9734503329523365,55,10,16,42478
xgb_smote,tuned,0.7888,0.9994595737681806,0.9137931034482759,0.7464788732394366,0.8217054263565892,0.7971145065620847,0.9734503329523365,53,5,18,42483
